{"alwaysOnTop":false,"backgroundColor":null,"basicAuthPassword":null,"basicAuthUsername":null,"bounce":false,"clearCache":false,"counter":true,"darwinDarkModeSupport":false,"disableGpu":false,"diskCacheSize":null,"enableEs3Apis":false,"fastQuit":false,"flashPluginDir":null,"fullScreen":false,"globalShortcuts":null,"height":800,"ignoreCertificate":false,"ignoreGpuBlacklist":false,"insecure":false,"internalUrls":"(.*?mail\\.google\\.com.*?|.*?accounts\\.google\\.com.*?)","maximize":true,"name":"Gmail","nativefierVersion":"8.1.0","proxyRules":null,"showMenuBar":false,"singleInstance":true,"targetUrl":"https://mail.google.com/","titleBarStyle":null,"tray":true,"userAgent":"Mozilla/5.0 (X11; Ubuntu; Linux x86_64; rv:70.0) Gecko/20100101 Firefox/70.0","width":1280,"win32metadata":{"ProductName":"Gmail","InternalName":"Gmail","FileDescription":"Gmail"},"zoom":1,"iconStatus":"icon-status.png"}